<?xml version="1.0" encoding="UTF-8"?>
<!DOCTYPE mapper
  PUBLIC "-//mybatis.org//DTD Mapper 3.0//EN"
  "http://mybatis.org/dtd/mybatis-3-mapper.dtd">
  
<mapper namespace="android.gunzip.member">
  	<insert id="memInsert" parameterType="member">
  		insert into member values(member_seq.nextVal, #{userID},#{name},#{password},#{phone},#{birth},#{gender},#{token},'','')
  	</insert>
  	<select id="chk" resultType="member" parameterType="String">
  		select * from member where userID=#{userID}
  	</select>
  	<select id="login" resultType="member" parameterType="member">
  		select * from member where userID=#{userID} and password=#{password}
  	</select>
  	<update id="updateFace" parameterType="String">
  		update member set face=#{face} where userid=#{userID}
  	</update>
  	<select id="getCnt" resultType="Integer">
  		select count(userid) cnt from member
  	</select>
  	
  	<select id="loginByFace" parameterType="String" resultType="member">
  		select userid, login from member where face=#{face}
  	</select>
  	
  	<update id="nowlogin" parameterType="String">
  		update member set login=sysdate where userid=#{userid}
  	</update>
  	
  	<update id="nowlogout" parameterType="String">
  		update member set login='' where userid=#{userid}
  	</update>
</mapper>